{
  "Resources": {
    "EC2Instance": {
      "Type": "AWS::EC2::Instance",
      "Properties": {
        "InstanceType": "t2.large",
        "SecurityGroups": [
          {
            "Ref": "InstanceSecurityGroup"
          }
        ],
        "KeyName": "deltakp",
        "ImageId": "ami-03cfb5e1fb4fac428"
      }
    },
    "InstanceSecurityGroup": {
      "Type": "AWS::EC2::SecurityGroup",
      "Properties": {
        "GroupDescription": "Enable SSH access via port 22",
        "SecurityGroupIngress": [
          {
            "IpProtocol": "tcp",
            "FromPort": "22",
            "ToPort": "22",
            "CidrIp": "0.0.0.0/0"
          }
        ]
      }
    }
  }
}
